hs_section_name,date,year,month,weighted_share_rerouted
Arms and ammunition,2014-01-01,2014,1,0.0
Arms and ammunition,2014-02-01,2014,2,0.0
Arms and ammunition,2014-03-01,2014,3,0.0
Arms and ammunition,2014-04-01,2014,4,0.0
Arms and ammunition,2014-05-01,2014,5,0.0
Arms and ammunition,2014-06-01,2014,6,0.0
Arms and ammunition,2014-07-01,2014,7,0.0
Arms and ammunition,2014-08-01,2014,8,0.0
Arms and ammunition,2014-09-01,2014,9,0.0
Arms and ammunition,2014-10-01,2014,10,0.0
Arms and ammunition,2014-11-01,2014,11,0.0
Arms and ammunition,2014-12-01,2014,12,0.0
Arms and ammunition,2015-01-01,2015,1,0.0
Arms and ammunition,2015-02-01,2015,2,0.0
Arms and ammunition,2015-03-01,2015,3,0.0
Arms and ammunition,2015-04-01,2015,4,0.0
Arms and ammunition,2015-05-01,2015,5,0.0
Arms and ammunition,2015-06-01,2015,6,0.0
Arms and ammunition,2015-07-01,2015,7,0.0
Arms and ammunition,2015-08-01,2015,8,0.0
Arms and ammunition,2015-09-01,2015,9,0.0
Arms and ammunition,2015-10-01,2015,10,0.0
Arms and ammunition,2015-11-01,2015,11,0.0
Arms and ammunition,2015-12-01,2015,12,0.0
Arms and ammunition,2016-01-01,2016,1,0.0
Arms and ammunition,2016-02-01,2016,2,0.0
Arms and ammunition,2016-03-01,2016,3,0.0
Arms and ammunition,2016-04-01,2016,4,0.0
Arms and ammunition,2016-05-01,2016,5,0.0
Arms and ammunition,2016-06-01,2016,6,0.0
Arms and ammunition,2016-07-01,2016,7,0.0
Arms and ammunition,2016-08-01,2016,8,0.0
Arms and ammunition,2016-09-01,2016,9,0.0
Arms and ammunition,2016-10-01,2016,10,0.0
Arms and ammunition,2016-11-01,2016,11,0.0
Arms and ammunition,2016-12-01,2016,12,0.0
Arms and ammunition,2017-01-01,2017,1,0.0
Arms and ammunition,2017-02-01,2017,2,0.0
Arms and ammunition,2017-03-01,2017,3,0.0
Arms and ammunition,2017-04-01,2017,4,0.0
Arms and ammunition,2017-05-01,2017,5,0.0
Arms and ammunition,2017-06-01,2017,6,0.0
Arms and ammunition,2017-07-01,2017,7,0.0
Arms and ammunition,2017-08-01,2017,8,0.0
Arms and ammunition,2017-09-01,2017,9,0.0
Arms and ammunition,2017-10-01,2017,10,0.0
Arms and ammunition,2017-11-01,2017,11,0.0
Arms and ammunition,2017-12-01,2017,12,0.0
Arms and ammunition,2018-01-01,2018,1,0.0
Arms and ammunition,2018-02-01,2018,2,0.0
Arms and ammunition,2018-03-01,2018,3,0.0
Arms and ammunition,2018-04-01,2018,4,0.0
Arms and ammunition,2018-05-01,2018,5,0.0
Arms and ammunition,2018-06-01,2018,6,0.0
Arms and ammunition,2018-07-01,2018,7,0.0
Arms and ammunition,2018-08-01,2018,8,0.0
Arms and ammunition,2018-09-01,2018,9,0.0
Arms and ammunition,2018-10-01,2018,10,0.0
Arms and ammunition,2018-11-01,2018,11,0.0
Arms and ammunition,2018-12-01,2018,12,0.0
Arms and ammunition,2019-01-01,2019,1,0.0
Arms and ammunition,2019-02-01,2019,2,0.0
Arms and ammunition,2019-03-01,2019,3,0.0
Arms and ammunition,2019-04-01,2019,4,0.0
Articles of metal,2014-01-01,2014,1,8.719844306240024
Articles of metal,2014-02-01,2014,2,8.321366161100501
Articles of metal,2014-03-01,2014,3,8.228766776924948
Articles of metal,2014-04-01,2014,4,8.72562312960558
Articles of metal,2014-05-01,2014,5,8.8873983439665
Articles of metal,2014-06-01,2014,6,9.652196265389618
Articles of metal,2014-07-01,2014,7,10.010028680125226
Articles of metal,2014-08-01,2014,8,9.339441960566853
Articles of metal,2014-09-01,2014,9,8.929568676267031
Articles of metal,2014-10-01,2014,10,9.756280921595755
Articles of metal,2014-11-01,2014,11,8.747100116760384
Articles of metal,2014-12-01,2014,12,8.602577468782949
Articles of metal,2015-01-01,2015,1,10.134539981804755
Articles of metal,2015-02-01,2015,2,9.3505392185498
Articles of metal,2015-03-01,2015,3,9.552823714862722
Articles of metal,2015-04-01,2015,4,9.660653972281683
Articles of metal,2015-05-01,2015,5,9.680097457808131
Articles of metal,2015-06-01,2015,6,10.252693476360255
Articles of metal,2015-07-01,2015,7,10.836071487268136
Articles of metal,2015-08-01,2015,8,10.746967592621463
Articles of metal,2015-09-01,2015,9,9.9322024433344
Articles of metal,2015-10-01,2015,10,10.21362744037716
Articles of metal,2015-11-01,2015,11,9.245147449195203
Articles of metal,2015-12-01,2015,12,8.867545973388442
Articles of metal,2016-01-01,2016,1,10.603710386568109
Articles of metal,2016-02-01,2016,2,10.923700640069287
Articles of metal,2016-03-01,2016,3,9.822583187982305
Articles of metal,2016-04-01,2016,4,9.400367719132424
Articles of metal,2016-05-01,2016,5,10.151284813775755
Articles of metal,2016-06-01,2016,6,10.23136244917237
Articles of metal,2016-07-01,2016,7,10.593013017897778
Articles of metal,2016-08-01,2016,8,10.707088714471345
Articles of metal,2016-09-01,2016,9,10.796048240578656
Articles of metal,2016-10-01,2016,10,10.317713889414902
Articles of metal,2016-11-01,2016,11,10.351409132037825
Articles of metal,2016-12-01,2016,12,10.091671519772634
Articles of metal,2017-01-01,2017,1,11.099319704722554
Articles of metal,2017-02-01,2017,2,10.808965335735502
Articles of metal,2017-03-01,2017,3,10.79269552602689
Articles of metal,2017-04-01,2017,4,11.126295555242985
Articles of metal,2017-05-01,2017,5,11.90263108192366
Articles of metal,2017-06-01,2017,6,11.60359559747339
Articles of metal,2017-07-01,2017,7,11.11695930733455
Articles of metal,2017-08-01,2017,8,11.45367453115091
Articles of metal,2017-09-01,2017,9,11.06838962450232
Articles of metal,2017-10-01,2017,10,11.462768105286317
Articles of metal,2017-11-01,2017,11,12.246388156596497
Articles of metal,2017-12-01,2017,12,11.133494855729998
Articles of metal,2018-01-01,2018,1,10.753189758751901
Articles of metal,2018-02-01,2018,2,12.134655095406742
Articles of metal,2018-03-01,2018,3,12.234785869987977
Articles of metal,2018-04-01,2018,4,10.664800433760682
Articles of metal,2018-05-01,2018,5,12.804386682106502
Articles of metal,2018-06-01,2018,6,11.73425538215714
Articles of metal,2018-07-01,2018,7,12.543366638213893
Articles of metal,2018-08-01,2018,8,12.376113802949925
Articles of metal,2018-09-01,2018,9,11.618044080651838
Articles of metal,2018-10-01,2018,10,11.594660912767969
Articles of metal,2018-11-01,2018,11,11.635749634001565
Articles of metal,2018-12-01,2018,12,10.881013138580911
Articles of metal,2019-01-01,2019,1,11.347941461086885
Articles of metal,2019-02-01,2019,2,11.244845354157226
Articles of metal,2019-03-01,2019,3,11.424604466325361
Articles of metal,2019-04-01,2019,4,10.299603689242979
Articles of wood,2014-01-01,2014,1,0.1493727919918344
Articles of wood,2014-02-01,2014,2,0.447871598969772
Articles of wood,2014-03-01,2014,3,0.7042863355549822
Articles of wood,2014-04-01,2014,4,0.518516640462636
Articles of wood,2014-05-01,2014,5,0.04993704310645713
Articles of wood,2014-06-01,2014,6,0.6019989850343901
Articles of wood,2014-07-01,2014,7,0.9928882740834326
Articles of wood,2014-08-01,2014,8,0.15087353696927547
Articles of wood,2014-09-01,2014,9,0.06545738649918814
Articles of wood,2014-10-01,2014,10,0.44572895471262747
Articles of wood,2014-11-01,2014,11,0.13969221533070486
Articles of wood,2014-12-01,2014,12,0.5008759012376545
Articles of wood,2015-01-01,2015,1,0.3310906562887743
Articles of wood,2015-02-01,2015,2,0.5421864363025028
Articles of wood,2015-03-01,2015,3,0.724996042253297
Articles of wood,2015-04-01,2015,4,0.8947324794176366
Articles of wood,2015-05-01,2015,5,0.181760277851156
Articles of wood,2015-06-01,2015,6,0.2038012956621562
Articles of wood,2015-07-01,2015,7,0.6083775520809135
Articles of wood,2015-08-01,2015,8,0.0
Articles of wood,2015-09-01,2015,9,0.8324287293162758
Articles of wood,2015-10-01,2015,10,0.4721344095829243
Articles of wood,2015-11-01,2015,11,0.14041042547661794
Articles of wood,2015-12-01,2015,12,0.9028218433763197
Articles of wood,2016-01-01,2016,1,0.2280950405511521
Articles of wood,2016-02-01,2016,2,0.6841561452855722
Articles of wood,2016-03-01,2016,3,0.7108188956338076
Articles of wood,2016-04-01,2016,4,1.2296005704701343
Articles of wood,2016-05-01,2016,5,0.3007890801642493
Articles of wood,2016-06-01,2016,6,0.6926946191973803
Articles of wood,2016-07-01,2016,7,1.6106102860853662
Articles of wood,2016-08-01,2016,8,0.14041042547661794
Articles of wood,2016-09-01,2016,9,0.08322840200251685
Articles of wood,2016-10-01,2016,10,1.06198241656706
Articles of wood,2016-11-01,2016,11,0.6211285643461528
Articles of wood,2016-12-01,2016,12,0.15609202823355478
Articles of wood,2017-01-01,2017,1,0.7315706939807843
Articles of wood,2017-02-01,2017,2,0.5657658796636724
Articles of wood,2017-03-01,2017,3,2.5853935715939356
Articles of wood,2017-04-01,2017,4,0.3622163899610258
Articles of wood,2017-05-01,2017,5,0.8381539717383926
Articles of wood,2017-06-01,2017,6,1.2017375318890384
Articles of wood,2017-07-01,2017,7,0.863224144471165
Articles of wood,2017-08-01,2017,8,1.1914908338941659
Articles of wood,2017-09-01,2017,9,1.247610935059387
Articles of wood,2017-10-01,2017,10,2.852501625635119
Articles of wood,2017-11-01,2017,11,1.415196409226245
Articles of wood,2017-12-01,2017,12,1.1485921962455499
Articles of wood,2018-01-01,2018,1,1.8657608306576319
Articles of wood,2018-02-01,2018,2,1.3618590681761096
Articles of wood,2018-03-01,2018,3,0.7886889908861916
Articles of wood,2018-04-01,2018,4,0.4225399970880642
Articles of wood,2018-05-01,2018,5,1.3676041113343815
Articles of wood,2018-06-01,2018,6,1.003188066230824
Articles of wood,2018-07-01,2018,7,1.7726097705481894
Articles of wood,2018-08-01,2018,8,1.273502032844128
Articles of wood,2018-09-01,2018,9,0.6913418525591379
Articles of wood,2018-10-01,2018,10,1.481311960130768
Articles of wood,2018-11-01,2018,11,1.7245235043677132
Articles of wood,2018-12-01,2018,12,0.8150459122994134
Articles of wood,2019-01-01,2019,1,3.0742469615189063
Articles of wood,2019-02-01,2019,2,2.231092286242082
Articles of wood,2019-03-01,2019,3,0.8927456423104045
Articles of wood,2019-04-01,2019,4,1.4666718939893069
Beverages and tobacco,2014-01-01,2014,1,0.6794357790711855
Beverages and tobacco,2014-02-01,2014,2,2.1501374829857114
Beverages and tobacco,2014-03-01,2014,3,0.0
Beverages and tobacco,2014-04-01,2014,4,0.035961383331678295
Beverages and tobacco,2014-05-01,2014,5,0.7489962424237454
Beverages and tobacco,2014-06-01,2014,6,0.6794357790711855
Beverages and tobacco,2014-07-01,2014,7,0.15292221922449267
Beverages and tobacco,2014-08-01,2014,8,0.0
Beverages and tobacco,2014-09-01,2014,9,0.019340168697111228
Beverages and tobacco,2014-10-01,2014,10,0.07706680516665701
Beverages and tobacco,2014-11-01,2014,11,0.07507401621446186
Beverages and tobacco,2014-12-01,2014,12,0.0
Beverages and tobacco,2015-01-01,2015,1,0.0
Beverages and tobacco,2015-02-01,2015,2,0.0
Beverages and tobacco,2015-03-01,2015,3,0.07763591721323611
Beverages and tobacco,2015-04-01,2015,4,0.020096379332478844
Beverages and tobacco,2015-05-01,2015,5,0.0
Beverages and tobacco,2015-06-01,2015,6,0.19549768918586755
Beverages and tobacco,2015-07-01,2015,7,0.0
Beverages and tobacco,2015-08-01,2015,8,0.7347534758886483
Beverages and tobacco,2015-09-01,2015,9,0.0
Beverages and tobacco,2015-10-01,2015,10,3.536735237016684
Beverages and tobacco,2015-11-01,2015,11,0.023110836989982945
Beverages and tobacco,2015-12-01,2015,12,0.22647858438425578
Beverages and tobacco,2016-01-01,2016,1,0.006488036338414703
Beverages and tobacco,2016-02-01,2016,2,0.46316284841925087
Beverages and tobacco,2016-03-01,2016,3,1.2478481989351367
Beverages and tobacco,2016-04-01,2016,4,0.0
Beverages and tobacco,2016-05-01,2016,5,0.3938950103116736
Beverages and tobacco,2016-06-01,2016,6,0.016626502026252432
Beverages and tobacco,2016-07-01,2016,7,0.060448227477086065
Beverages and tobacco,2016-08-01,2016,8,0.15033296738211777
Beverages and tobacco,2016-09-01,2016,9,0.0
Beverages and tobacco,2016-10-01,2016,10,0.00015015218586269337
Beverages and tobacco,2016-11-01,2016,11,0.05531769681746283
Beverages and tobacco,2016-12-01,2016,12,0.16861483481043757
Beverages and tobacco,2017-01-01,2017,1,0.1489879641074084
Beverages and tobacco,2017-02-01,2017,2,0.05642667108618722
Beverages and tobacco,2017-03-01,2017,3,0.10106117037244454
Beverages and tobacco,2017-04-01,2017,4,0.1444593303890861
Beverages and tobacco,2017-05-01,2017,5,0.21216033980841392
Beverages and tobacco,2017-06-01,2017,6,0.0525651147649617
Beverages and tobacco,2017-07-01,2017,7,0.0
Beverages and tobacco,2017-08-01,2017,8,0.22182991823684156
Beverages and tobacco,2017-09-01,2017,9,0.0
Beverages and tobacco,2017-10-01,2017,10,0.0
Beverages and tobacco,2017-11-01,2017,11,0.048903115903263676
Beverages and tobacco,2017-12-01,2017,12,0.1531334642813515
Beverages and tobacco,2018-01-01,2018,1,0.06112889247432606
Beverages and tobacco,2018-02-01,2018,2,0.13439106105514895
Beverages and tobacco,2018-03-01,2018,3,0.0
Beverages and tobacco,2018-04-01,2018,4,0.05839090289228454
Beverages and tobacco,2018-05-01,2018,5,0.0
Beverages and tobacco,2018-06-01,2018,6,0.05774924468758542
Beverages and tobacco,2018-07-01,2018,7,0.08735213808815029
Beverages and tobacco,2018-08-01,2018,8,0.10086267354453941
Beverages and tobacco,2018-09-01,2018,9,0.18049554636739212
Beverages and tobacco,2018-10-01,2018,10,0.8206361393479717
Beverages and tobacco,2018-11-01,2018,11,0.008288643964473392
Beverages and tobacco,2018-12-01,2018,12,0.04746478953075675
Beverages and tobacco,2019-01-01,2019,1,0.06110675374161782
Beverages and tobacco,2019-02-01,2019,2,0.780755648677138
Beverages and tobacco,2019-03-01,2019,3,0.7681413990025935
Beverages and tobacco,2019-04-01,2019,4,0.0
Chemicals,2014-01-01,2014,1,4.513900496259887
Chemicals,2014-02-01,2014,2,4.830639415423814
Chemicals,2014-03-01,2014,3,5.700524816079918
Chemicals,2014-04-01,2014,4,5.412204145127306
Chemicals,2014-05-01,2014,5,5.806923059006775
Chemicals,2014-06-01,2014,6,5.331865331906155
Chemicals,2014-07-01,2014,7,6.474835045316672
Chemicals,2014-08-01,2014,8,6.2572569648301934
Chemicals,2014-09-01,2014,9,4.57251436583792
Chemicals,2014-10-01,2014,10,4.482269288295187
Chemicals,2014-11-01,2014,11,1.759498486139638
Chemicals,2014-12-01,2014,12,4.3442755035672045
Chemicals,2015-01-01,2015,1,4.744470429984751
Chemicals,2015-02-01,2015,2,3.723033952060035
Chemicals,2015-03-01,2015,3,7.00948649261166
Chemicals,2015-04-01,2015,4,5.790437881325712
Chemicals,2015-05-01,2015,5,2.834853761963097
Chemicals,2015-06-01,2015,6,2.864569446768524
Chemicals,2015-07-01,2015,7,7.7367832039364
Chemicals,2015-08-01,2015,8,4.92298898449702
Chemicals,2015-09-01,2015,9,4.094938372395485
Chemicals,2015-10-01,2015,10,3.3680077762259315
Chemicals,2015-11-01,2015,11,5.178820869326365
Chemicals,2015-12-01,2015,12,4.878607743906932
Chemicals,2016-01-01,2016,1,4.660883925451226
Chemicals,2016-02-01,2016,2,5.355510239597674
Chemicals,2016-03-01,2016,3,2.7897311377396607
Chemicals,2016-04-01,2016,4,3.221851779895145
Chemicals,2016-05-01,2016,5,3.814716738315599
Chemicals,2016-06-01,2016,6,3.912314851788808
Chemicals,2016-07-01,2016,7,4.571177808903917
Chemicals,2016-08-01,2016,8,7.424133559607103
Chemicals,2016-09-01,2016,9,4.30000175802714
Chemicals,2016-10-01,2016,10,3.3646509914863487
Chemicals,2016-11-01,2016,11,4.346413442334929
Chemicals,2016-12-01,2016,12,4.237227612913509
Chemicals,2017-01-01,2017,1,6.524564200975836
Chemicals,2017-02-01,2017,2,5.002629120083346
Chemicals,2017-03-01,2017,3,6.706150683941935
Chemicals,2017-04-01,2017,4,6.005617659464732
Chemicals,2017-05-01,2017,5,5.599856516129823
Chemicals,2017-06-01,2017,6,7.131314044347334
Chemicals,2017-07-01,2017,7,2.1841698166603165
Chemicals,2017-08-01,2017,8,3.8172458053824916
Chemicals,2017-09-01,2017,9,3.7673562286442723
Chemicals,2017-10-01,2017,10,4.507436369027697
Chemicals,2017-11-01,2017,11,5.50172975121483
Chemicals,2017-12-01,2017,12,3.1493304077155826
Chemicals,2018-01-01,2018,1,2.671701494243592
Chemicals,2018-02-01,2018,2,5.340131649726843
Chemicals,2018-03-01,2018,3,7.2689483440378035
Chemicals,2018-04-01,2018,4,4.846997356964347
Chemicals,2018-05-01,2018,5,4.118561660406718
Chemicals,2018-06-01,2018,6,6.443550663657151
Chemicals,2018-07-01,2018,7,3.674353635835957
Chemicals,2018-08-01,2018,8,4.938621195638754
Chemicals,2018-09-01,2018,9,5.101856832016155
Chemicals,2018-10-01,2018,10,5.554934070018009
Chemicals,2018-11-01,2018,11,7.529624062258195
Chemicals,2018-12-01,2018,12,4.333994821476088
Chemicals,2019-01-01,2019,1,4.0420349245319285
Chemicals,2019-02-01,2019,2,5.097483955543912
Chemicals,2019-03-01,2019,3,3.9154970152683206
Chemicals,2019-04-01,2019,4,5.6202318824006365
Fats and oils,2014-01-01,2014,1,0.0
Fats and oils,2014-02-01,2014,2,0.0
Fats and oils,2014-03-01,2014,3,0.0
Fats and oils,2014-04-01,2014,4,0.0
Fats and oils,2014-05-01,2014,5,0.0
Fats and oils,2014-06-01,2014,6,0.0
Fats and oils,2014-07-01,2014,7,0.0
Fats and oils,2014-08-01,2014,8,0.0
Fats and oils,2014-09-01,2014,9,0.0
Fats and oils,2014-10-01,2014,10,0.0
Fats and oils,2014-11-01,2014,11,0.0
Fats and oils,2014-12-01,2014,12,0.0
Fats and oils,2015-01-01,2015,1,0.0
Fats and oils,2015-02-01,2015,2,0.0
Fats and oils,2015-03-01,2015,3,0.0
Fats and oils,2015-04-01,2015,4,0.0
Fats and oils,2015-05-01,2015,5,0.0
Fats and oils,2015-06-01,2015,6,0.0
Fats and oils,2015-07-01,2015,7,0.0
Fats and oils,2015-08-01,2015,8,0.0
Fats and oils,2015-09-01,2015,9,0.0
Fats and oils,2015-10-01,2015,10,0.0
Fats and oils,2015-11-01,2015,11,0.0
Fats and oils,2015-12-01,2015,12,0.0
Fats and oils,2016-01-01,2016,1,0.0
Fats and oils,2016-02-01,2016,2,0.0
Fats and oils,2016-03-01,2016,3,0.0
Fats and oils,2016-04-01,2016,4,0.0
Fats and oils,2016-05-01,2016,5,0.0
Fats and oils,2016-06-01,2016,6,0.0
Fats and oils,2016-07-01,2016,7,0.0
Fats and oils,2016-08-01,2016,8,0.0
Fats and oils,2016-09-01,2016,9,0.0
Fats and oils,2016-10-01,2016,10,0.0
Fats and oils,2016-11-01,2016,11,0.0
Fats and oils,2016-12-01,2016,12,0.0
Fats and oils,2017-01-01,2017,1,0.0
Fats and oils,2017-02-01,2017,2,0.0
Fats and oils,2017-03-01,2017,3,0.0
Fats and oils,2017-04-01,2017,4,0.0
Fats and oils,2017-05-01,2017,5,0.0
Fats and oils,2017-06-01,2017,6,0.0
Fats and oils,2017-07-01,2017,7,0.0
Fats and oils,2017-08-01,2017,8,0.0
Fats and oils,2017-09-01,2017,9,0.0
Fats and oils,2017-10-01,2017,10,0.0
Fats and oils,2017-11-01,2017,11,0.0
Fats and oils,2017-12-01,2017,12,0.0
Fats and oils,2018-01-01,2018,1,0.0
Fats and oils,2018-02-01,2018,2,0.0
Fats and oils,2018-03-01,2018,3,0.0
Fats and oils,2018-04-01,2018,4,0.0
Fats and oils,2018-05-01,2018,5,0.0
Fats and oils,2018-06-01,2018,6,0.0
Fats and oils,2018-07-01,2018,7,0.0
Fats and oils,2018-08-01,2018,8,0.005934474383555874
Fats and oils,2018-09-01,2018,9,0.0
Fats and oils,2018-10-01,2018,10,0.011868948767111748
Fats and oils,2018-11-01,2018,11,0.005934474383555874
Fats and oils,2018-12-01,2018,12,0.003956316104782428
Fats and oils,2019-01-01,2019,1,0.0
Fats and oils,2019-02-01,2019,2,0.003956316104782428
Fats and oils,2019-03-01,2019,3,0.0
Fats and oils,2019-04-01,2019,4,0.0
Footwear and headwear,2014-01-01,2014,1,3.925662377005766
Footwear and headwear,2014-02-01,2014,2,2.886808442999924
Footwear and headwear,2014-03-01,2014,3,2.488272853445725
Footwear and headwear,2014-04-01,2014,4,2.6987461334434224
Footwear and headwear,2014-05-01,2014,5,1.5807452664458945
Footwear and headwear,2014-06-01,2014,6,1.0204055119810542
Footwear and headwear,2014-07-01,2014,7,4.376926233033209
Footwear and headwear,2014-08-01,2014,8,3.95078089048187
Footwear and headwear,2014-09-01,2014,9,8.8357051854446
Footwear and headwear,2014-10-01,2014,10,2.6283754335148033
Footwear and headwear,2014-11-01,2014,11,3.903811547346497
Footwear and headwear,2014-12-01,2014,12,3.6553481881045493
Footwear and headwear,2015-01-01,2015,1,6.869332161006967
Footwear and headwear,2015-02-01,2015,2,5.062363555464176
Footwear and headwear,2015-03-01,2015,3,6.965141845995219
Footwear and headwear,2015-04-01,2015,4,7.857020341863536
Footwear and headwear,2015-05-01,2015,5,1.664847774723335
Footwear and headwear,2015-06-01,2015,6,3.7959323302261168
Footwear and headwear,2015-07-01,2015,7,6.256548791853163
Footwear and headwear,2015-08-01,2015,8,3.894640391348244
Footwear and headwear,2015-09-01,2015,9,1.1087550508073263
Footwear and headwear,2015-10-01,2015,10,2.5173722474890146
Footwear and headwear,2015-11-01,2015,11,0.9153616696327214
Footwear and headwear,2015-12-01,2015,12,2.012948533992475
Footwear and headwear,2016-01-01,2016,1,3.2401624385221766
Footwear and headwear,2016-02-01,2016,2,2.8019957604620807
Footwear and headwear,2016-03-01,2016,3,0.6570104933085786
Footwear and headwear,2016-04-01,2016,4,0.21348890902632783
Footwear and headwear,2016-05-01,2016,5,1.177025589447237
Footwear and headwear,2016-06-01,2016,6,3.125481128452673
Footwear and headwear,2016-07-01,2016,7,3.1558137342827455
Footwear and headwear,2016-08-01,2016,8,4.332045324486321
Footwear and headwear,2016-09-01,2016,9,1.8689802996327962
Footwear and headwear,2016-10-01,2016,10,3.0909295438863915
Footwear and headwear,2016-11-01,2016,11,1.9093614098291443
Footwear and headwear,2016-12-01,2016,12,4.477959460202398
Footwear and headwear,2017-01-01,2017,1,3.4487256088190104
Footwear and headwear,2017-02-01,2017,2,4.061778325731695
Footwear and headwear,2017-03-01,2017,3,1.154401274444073
Footwear and headwear,2017-04-01,2017,4,3.4496814013138466
Footwear and headwear,2017-05-01,2017,5,3.921742932599369
Footwear and headwear,2017-06-01,2017,6,3.26338524278711
Footwear and headwear,2017-07-01,2017,7,5.123588592687056
Footwear and headwear,2017-08-01,2017,8,1.897935132924697
Footwear and headwear,2017-09-01,2017,9,3.6948908399526084
Footwear and headwear,2017-10-01,2017,10,0.8179614974551768
Footwear and headwear,2017-11-01,2017,11,2.039295096570899
Footwear and headwear,2017-12-01,2017,12,2.279738247617222
Footwear and headwear,2018-01-01,2018,1,3.8931271064886355
Footwear and headwear,2018-02-01,2018,2,2.7067890120753146
Footwear and headwear,2018-03-01,2018,3,2.7553699605552238
Footwear and headwear,2018-04-01,2018,4,2.0727511383163195
Footwear and headwear,2018-05-01,2018,5,2.1697261293552637
Footwear and headwear,2018-06-01,2018,6,2.168636571419688
Footwear and headwear,2018-07-01,2018,7,1.7468296354133086
Footwear and headwear,2018-08-01,2018,8,4.7686465476689595
Footwear and headwear,2018-09-01,2018,9,3.2121850093075675
Footwear and headwear,2018-10-01,2018,10,2.492960476122402
Footwear and headwear,2018-11-01,2018,11,3.7414183794191107
Footwear and headwear,2018-12-01,2018,12,0.7476690770371089
Footwear and headwear,2019-01-01,2019,1,4.430294801633078
Footwear and headwear,2019-02-01,2019,2,6.445278163988571
Footwear and headwear,2019-03-01,2019,3,2.310799109789044
Footwear and headwear,2019-04-01,2019,4,1.862770176570655
Live animals,2014-01-01,2014,1,0.0
Live animals,2014-02-01,2014,2,0.0
Live animals,2014-03-01,2014,3,0.0
Live animals,2014-04-01,2014,4,0.0
Live animals,2014-05-01,2014,5,0.0
Live animals,2014-06-01,2014,6,0.0
Live animals,2014-07-01,2014,7,0.0
Live animals,2014-08-01,2014,8,0.0
Live animals,2014-09-01,2014,9,0.0
Live animals,2014-10-01,2014,10,0.0
Live animals,2014-11-01,2014,11,0.0
Live animals,2014-12-01,2014,12,0.0
Live animals,2015-01-01,2015,1,0.0
Live animals,2015-02-01,2015,2,0.0
Live animals,2015-03-01,2015,3,0.0
Live animals,2015-04-01,2015,4,0.0
Live animals,2015-05-01,2015,5,0.0
Live animals,2015-06-01,2015,6,0.0
Live animals,2015-07-01,2015,7,0.0
Live animals,2015-08-01,2015,8,0.0
Live animals,2015-09-01,2015,9,0.0
Live animals,2015-10-01,2015,10,0.0
Live animals,2015-11-01,2015,11,0.0
Live animals,2015-12-01,2015,12,0.0
Live animals,2016-01-01,2016,1,0.0
Live animals,2016-02-01,2016,2,0.0
Live animals,2016-03-01,2016,3,0.0
Live animals,2016-04-01,2016,4,0.0
Live animals,2016-05-01,2016,5,0.0
Live animals,2016-06-01,2016,6,0.0
Live animals,2016-07-01,2016,7,0.0
Live animals,2016-08-01,2016,8,0.0
Live animals,2016-09-01,2016,9,0.0
Live animals,2016-10-01,2016,10,0.0
Live animals,2016-11-01,2016,11,0.0
Live animals,2016-12-01,2016,12,0.0
Live animals,2017-01-01,2017,1,0.0
Live animals,2017-02-01,2017,2,0.0
Live animals,2017-03-01,2017,3,0.0
Live animals,2017-04-01,2017,4,0.0
Live animals,2017-05-01,2017,5,0.0
Live animals,2017-06-01,2017,6,0.0
Live animals,2017-07-01,2017,7,0.0
Live animals,2017-08-01,2017,8,0.0
Live animals,2017-09-01,2017,9,0.0
Live animals,2017-10-01,2017,10,0.0
Live animals,2017-11-01,2017,11,0.0
Live animals,2017-12-01,2017,12,0.0
Live animals,2018-01-01,2018,1,0.0
Live animals,2018-02-01,2018,2,0.0
Live animals,2018-03-01,2018,3,0.0
Live animals,2018-04-01,2018,4,0.0
Live animals,2018-05-01,2018,5,0.0
Live animals,2018-06-01,2018,6,0.0
Live animals,2018-07-01,2018,7,0.0
Live animals,2018-08-01,2018,8,0.0
Live animals,2018-09-01,2018,9,0.0
Live animals,2018-10-01,2018,10,0.0
Live animals,2018-11-01,2018,11,0.0
Live animals,2018-12-01,2018,12,0.0
Live animals,2019-01-01,2019,1,0.0
Live animals,2019-02-01,2019,2,0.0
Live animals,2019-03-01,2019,3,0.0
Live animals,2019-04-01,2019,4,0.0
Machinery and mechanical appliances,2014-01-01,2014,1,18.796748153938342
Machinery and mechanical appliances,2014-02-01,2014,2,17.941219956245913
Machinery and mechanical appliances,2014-03-01,2014,3,18.09578345982678
Machinery and mechanical appliances,2014-04-01,2014,4,17.237184310406562
Machinery and mechanical appliances,2014-05-01,2014,5,18.679420745443196
Machinery and mechanical appliances,2014-06-01,2014,6,18.144208020235155
Machinery and mechanical appliances,2014-07-01,2014,7,19.902707328418376
Machinery and mechanical appliances,2014-08-01,2014,8,18.849366727219724
Machinery and mechanical appliances,2014-09-01,2014,9,18.673347595222406
Machinery and mechanical appliances,2014-10-01,2014,10,19.47621793478469
Machinery and mechanical appliances,2014-11-01,2014,11,19.115894114796998
Machinery and mechanical appliances,2014-12-01,2014,12,18.879526258269713
Machinery and mechanical appliances,2015-01-01,2015,1,18.6592987054872
Machinery and mechanical appliances,2015-02-01,2015,2,18.66084711982937
Machinery and mechanical appliances,2015-03-01,2015,3,18.975890150146533
Machinery and mechanical appliances,2015-04-01,2015,4,18.505520935131557
Machinery and mechanical appliances,2015-05-01,2015,5,20.011298122557296
Machinery and mechanical appliances,2015-06-01,2015,6,19.913182498457903
Machinery and mechanical appliances,2015-07-01,2015,7,19.755557822976115
Machinery and mechanical appliances,2015-08-01,2015,8,18.935463127031095
Machinery and mechanical appliances,2015-09-01,2015,9,19.846984150844825
Machinery and mechanical appliances,2015-10-01,2015,10,19.54448080842174
Machinery and mechanical appliances,2015-11-01,2015,11,19.440233680633977
Machinery and mechanical appliances,2015-12-01,2015,12,18.77351204358316
Machinery and mechanical appliances,2016-01-01,2016,1,19.062501012457783
Machinery and mechanical appliances,2016-02-01,2016,2,20.53991520707112
Machinery and mechanical appliances,2016-03-01,2016,3,19.330997204315704
Machinery and mechanical appliances,2016-04-01,2016,4,19.427367992203596
Machinery and mechanical appliances,2016-05-01,2016,5,19.535438704937295
Machinery and mechanical appliances,2016-06-01,2016,6,19.598013112889664
Machinery and mechanical appliances,2016-07-01,2016,7,19.226817030972327
Machinery and mechanical appliances,2016-08-01,2016,8,20.22562801936882
Machinery and mechanical appliances,2016-09-01,2016,9,20.018114614287484
Machinery and mechanical appliances,2016-10-01,2016,10,19.194115073124514
Machinery and mechanical appliances,2016-11-01,2016,11,19.891841776867306
Machinery and mechanical appliances,2016-12-01,2016,12,18.474357949960325
Machinery and mechanical appliances,2017-01-01,2017,1,19.747885785017953
Machinery and mechanical appliances,2017-02-01,2017,2,18.714397091782814
Machinery and mechanical appliances,2017-03-01,2017,3,20.885725799119676
Machinery and mechanical appliances,2017-04-01,2017,4,18.45610690102803
Machinery and mechanical appliances,2017-05-01,2017,5,21.829572283996995
Machinery and mechanical appliances,2017-06-01,2017,6,19.98429655452896
Machinery and mechanical appliances,2017-07-01,2017,7,20.043710962554982
Machinery and mechanical appliances,2017-08-01,2017,8,21.762688590609656
Machinery and mechanical appliances,2017-09-01,2017,9,20.23117487436179
Machinery and mechanical appliances,2017-10-01,2017,10,20.227393898453446
Machinery and mechanical appliances,2017-11-01,2017,11,20.208810968062213
Machinery and mechanical appliances,2017-12-01,2017,12,19.115584073965966
Machinery and mechanical appliances,2018-01-01,2018,1,19.935221299626352
Machinery and mechanical appliances,2018-02-01,2018,2,20.700583953368486
Machinery and mechanical appliances,2018-03-01,2018,3,19.285022481159245
Machinery and mechanical appliances,2018-04-01,2018,4,20.303137409205455
Machinery and mechanical appliances,2018-05-01,2018,5,20.775619090559886
Machinery and mechanical appliances,2018-06-01,2018,6,19.93401882111751
Machinery and mechanical appliances,2018-07-01,2018,7,20.055526522298614
Machinery and mechanical appliances,2018-08-01,2018,8,20.945608587861297
Machinery and mechanical appliances,2018-09-01,2018,9,19.849797941536416
Machinery and mechanical appliances,2018-10-01,2018,10,20.077961646071206
Machinery and mechanical appliances,2018-11-01,2018,11,20.55548190536024
Machinery and mechanical appliances,2018-12-01,2018,12,19.363645014898093
Machinery and mechanical appliances,2019-01-01,2019,1,20.610740252256246
Machinery and mechanical appliances,2019-02-01,2019,2,20.57389837722469
Machinery and mechanical appliances,2019-03-01,2019,3,19.767965456015112
Machinery and mechanical appliances,2019-04-01,2019,4,18.92438079143411
Mineral products,2014-01-01,2014,1,2.0559057235365215
Mineral products,2014-02-01,2014,2,1.6704234481646218
Mineral products,2014-03-01,2014,3,7.216676166558573
Mineral products,2014-04-01,2014,4,5.434891197664041
Mineral products,2014-05-01,2014,5,3.3408468963292437
Mineral products,2014-06-01,2014,6,6.403818681667754
Mineral products,2014-07-01,2014,7,1.5721632153447747
Mineral products,2014-08-01,2014,8,0.0
Mineral products,2014-09-01,2014,9,1.6704234481646218
Mineral products,2014-10-01,2014,10,1.5721632153447747
Mineral products,2014-11-01,2014,11,2.0559057235365215
Mineral products,2014-12-01,2014,12,2.0559057235365215
Mineral products,2015-01-01,2015,1,0.0
Mineral products,2015-02-01,2015,2,2.2782372387909904
Mineral products,2015-03-01,2015,3,5.536909998654877
Mineral products,2015-04-01,2015,4,1.484820786171577
Mineral products,2015-05-01,2015,5,0.0
Mineral products,2015-06-01,2015,6,3.563569937789063
Mineral products,2015-07-01,2015,7,2.969641572343154
Mineral products,2015-08-01,2015,8,0.0
Mineral products,2015-09-01,2015,9,2.4727237321710676
Mineral products,2015-10-01,2015,10,4.454462358514731
Mineral products,2015-11-01,2015,11,3.818110702249651
Mineral products,2015-12-01,2015,12,0.0
Mineral products,2016-01-01,2016,1,0.0
Mineral products,2016-02-01,2016,2,0.02150846082428095
Mineral products,2016-03-01,2016,3,0.0
Mineral products,2016-04-01,2016,4,0.0
Mineral products,2016-05-01,2016,5,0.0
Mineral products,2016-06-01,2016,6,7.267138115202155
Mineral products,2016-07-01,2016,7,0.02016222812561194
Mineral products,2016-08-01,2016,8,0.0
Mineral products,2016-09-01,2016,9,0.0
Mineral products,2016-10-01,2016,10,0.0
Mineral products,2016-11-01,2016,11,5.434891197664041
Mineral products,2016-12-01,2016,12,0.0
Mineral products,2017-01-01,2017,1,0.023321213478451293
Mineral products,2017-02-01,2017,2,0.021243656478356646
Mineral products,2017-03-01,2017,3,0.0
Mineral products,2017-04-01,2017,4,0.0
Mineral products,2017-05-01,2017,5,0.009192141831129454
Mineral products,2017-06-01,2017,6,2.23757440382312
Mineral products,2017-07-01,2017,7,0.01064743659604407
Mineral products,2017-08-01,2017,8,0.011677833992247201
Mineral products,2017-09-01,2017,9,0.02097158067747313
Mineral products,2017-10-01,2017,10,0.0
Mineral products,2017-11-01,2017,11,0.0
Mineral products,2017-12-01,2017,12,0.021243656478356646
Mineral products,2018-01-01,2018,1,0.02158647178294746
Mineral products,2018-02-01,2018,2,0.021563105124610224
Mineral products,2018-03-01,2018,3,0.020505043430202752
Mineral products,2018-04-01,2018,4,0.0
Mineral products,2018-05-01,2018,5,2.2272311792573656
Mineral products,2018-06-01,2018,6,2.979984796908908
Mineral products,2018-07-01,2018,7,0.013434668573866304
Mineral products,2018-08-01,2018,8,0.010915668528566153
Mineral products,2018-09-01,2018,9,0.011677833992247201
Mineral products,2018-10-01,2018,10,2.9882276768842644
Mineral products,2018-11-01,2018,11,2.969641572343154
Mineral products,2018-12-01,2018,12,0.0
Mineral products,2019-01-01,2019,1,0.0
Mineral products,2019-02-01,2019,2,0.011643379486204091
Mineral products,2019-03-01,2019,3,2.4126073724519554
Mineral products,2019-04-01,2019,4,2.6939364101577152
Misc manufactured articles,2014-01-01,2014,1,3.6303522041505496
Misc manufactured articles,2014-02-01,2014,2,3.501834688667167
Misc manufactured articles,2014-03-01,2014,3,2.850193316886627
Misc manufactured articles,2014-04-01,2014,4,3.2983368662459434
Misc manufactured articles,2014-05-01,2014,5,3.396860722823232
Misc manufactured articles,2014-06-01,2014,6,4.260832221028738
Misc manufactured articles,2014-07-01,2014,7,4.5364983347284
Misc manufactured articles,2014-08-01,2014,8,4.544712297876957
Misc manufactured articles,2014-09-01,2014,9,4.0461826827914225
Misc manufactured articles,2014-10-01,2014,10,4.51187263066545
Misc manufactured articles,2014-11-01,2014,11,4.095865618825976
Misc manufactured articles,2014-12-01,2014,12,4.189722408204952
Misc manufactured articles,2015-01-01,2015,1,4.1140301617753225
Misc manufactured articles,2015-02-01,2015,2,4.905998695355993
Misc manufactured articles,2015-03-01,2015,3,4.7680814442363815
Misc manufactured articles,2015-04-01,2015,4,4.300343174570593
Misc manufactured articles,2015-05-01,2015,5,4.205158653425556
Misc manufactured articles,2015-06-01,2015,6,4.725660232936454
Misc manufactured articles,2015-07-01,2015,7,5.346542425134713
Misc manufactured articles,2015-08-01,2015,8,4.095814921254216
Misc manufactured articles,2015-09-01,2015,9,3.4817286779896404
Misc manufactured articles,2015-10-01,2015,10,3.8350046175960166
Misc manufactured articles,2015-11-01,2015,11,4.18167794425417
Misc manufactured articles,2015-12-01,2015,12,3.61882025566113
Misc manufactured articles,2016-01-01,2016,1,4.703968505503748
Misc manufactured articles,2016-02-01,2016,2,4.056226392785449
Misc manufactured articles,2016-03-01,2016,3,3.2123156452959574
Misc manufactured articles,2016-04-01,2016,4,3.676027869184867
Misc manufactured articles,2016-05-01,2016,5,4.31320341909898
Misc manufactured articles,2016-06-01,2016,6,4.467723437362677
Misc manufactured articles,2016-07-01,2016,7,5.124076925402516
Misc manufactured articles,2016-08-01,2016,8,4.736441525807073
Misc manufactured articles,2016-09-01,2016,9,4.702663189583003
Misc manufactured articles,2016-10-01,2016,10,4.317428810574271
Misc manufactured articles,2016-11-01,2016,11,4.872168220010264
Misc manufactured articles,2016-12-01,2016,12,4.7421896311058545
Misc manufactured articles,2017-01-01,2017,1,5.171907451290956
Misc manufactured articles,2017-02-01,2017,2,5.008116870132447
Misc manufactured articles,2017-03-01,2017,3,4.555519181378305
Misc manufactured articles,2017-04-01,2017,4,4.515493066920175
Misc manufactured articles,2017-05-01,2017,5,3.3683943271032044
Misc manufactured articles,2017-06-01,2017,6,4.527856804637147
Misc manufactured articles,2017-07-01,2017,7,4.621593430979899
Misc manufactured articles,2017-08-01,2017,8,5.449461291902258
Misc manufactured articles,2017-09-01,2017,9,6.167855072296947
Misc manufactured articles,2017-10-01,2017,10,4.285039008941492
Misc manufactured articles,2017-11-01,2017,11,4.873616830024744
Misc manufactured articles,2017-12-01,2017,12,4.264654553583133
Misc manufactured articles,2018-01-01,2018,1,4.021732805736852
Misc manufactured articles,2018-02-01,2018,2,4.68350966115591
Misc manufactured articles,2018-03-01,2018,3,4.3907431596261075
Misc manufactured articles,2018-04-01,2018,4,4.6906563084413255
Misc manufactured articles,2018-05-01,2018,5,5.910595286134203
Misc manufactured articles,2018-06-01,2018,6,5.06724115429473
Misc manufactured articles,2018-07-01,2018,7,5.226917325232356
Misc manufactured articles,2018-08-01,2018,8,6.378286656335072
Misc manufactured articles,2018-09-01,2018,9,3.669619430052492
Misc manufactured articles,2018-10-01,2018,10,5.616462328296652
Misc manufactured articles,2018-11-01,2018,11,4.239327925563563
Misc manufactured articles,2018-12-01,2018,12,4.344241623854772
Misc manufactured articles,2019-01-01,2019,1,4.073012314867392
Misc manufactured articles,2019-02-01,2019,2,4.135724698405781
Misc manufactured articles,2019-03-01,2019,3,4.717545554797882
Misc manufactured articles,2019-04-01,2019,4,3.5832667323510883
"Optical, photographic, instruments",2014-01-01,2014,1,8.606559887160127
"Optical, photographic, instruments",2014-02-01,2014,2,8.40711452183238
"Optical, photographic, instruments",2014-03-01,2014,3,7.967813993117155
"Optical, photographic, instruments",2014-04-01,2014,4,7.777670714946436
"Optical, photographic, instruments",2014-05-01,2014,5,7.899406908762213
"Optical, photographic, instruments",2014-06-01,2014,6,9.18641285037255
"Optical, photographic, instruments",2014-07-01,2014,7,6.0938907123504675
"Optical, photographic, instruments",2014-08-01,2014,8,10.005082123523028
"Optical, photographic, instruments",2014-09-01,2014,9,6.715392576724456
"Optical, photographic, instruments",2014-10-01,2014,10,7.464683025638608
"Optical, photographic, instruments",2014-11-01,2014,11,6.894046471147231
"Optical, photographic, instruments",2014-12-01,2014,12,8.414294793911548
"Optical, photographic, instruments",2015-01-01,2015,1,13.371105236413305
"Optical, photographic, instruments",2015-02-01,2015,2,7.796776130343958
"Optical, photographic, instruments",2015-03-01,2015,3,9.354438305402908
"Optical, photographic, instruments",2015-04-01,2015,4,12.431383714489387
"Optical, photographic, instruments",2015-05-01,2015,5,12.590227714507044
"Optical, photographic, instruments",2015-06-01,2015,6,9.443877403188635
"Optical, photographic, instruments",2015-07-01,2015,7,8.062781165825498
"Optical, photographic, instruments",2015-08-01,2015,8,10.075158645549806
"Optical, photographic, instruments",2015-09-01,2015,9,10.986055489656897
"Optical, photographic, instruments",2015-10-01,2015,10,7.1761746942968925
"Optical, photographic, instruments",2015-11-01,2015,11,9.684814813129206
"Optical, photographic, instruments",2015-12-01,2015,12,8.625616707922784
"Optical, photographic, instruments",2016-01-01,2016,1,10.986738384344243
"Optical, photographic, instruments",2016-02-01,2016,2,9.640079167289956
"Optical, photographic, instruments",2016-03-01,2016,3,6.816362481723764
"Optical, photographic, instruments",2016-04-01,2016,4,6.902100102595031
"Optical, photographic, instruments",2016-05-01,2016,5,11.941056954724367
"Optical, photographic, instruments",2016-06-01,2016,6,6.9999523080000365
"Optical, photographic, instruments",2016-07-01,2016,7,9.03686215933383
"Optical, photographic, instruments",2016-08-01,2016,8,10.86364600592707
"Optical, photographic, instruments",2016-09-01,2016,9,8.480651281658513
"Optical, photographic, instruments",2016-10-01,2016,10,9.30748915487177
"Optical, photographic, instruments",2016-11-01,2016,11,8.350067518144211
"Optical, photographic, instruments",2016-12-01,2016,12,14.64286941454198
"Optical, photographic, instruments",2017-01-01,2017,1,12.382152631097995
"Optical, photographic, instruments",2017-02-01,2017,2,8.882157509697418
"Optical, photographic, instruments",2017-03-01,2017,3,11.473211501236174
"Optical, photographic, instruments",2017-04-01,2017,4,7.528186643677763
"Optical, photographic, instruments",2017-05-01,2017,5,11.512761006634888
"Optical, photographic, instruments",2017-06-01,2017,6,10.548967132637152
"Optical, photographic, instruments",2017-07-01,2017,7,8.013859437962445
"Optical, photographic, instruments",2017-08-01,2017,8,10.354114498131652
"Optical, photographic, instruments",2017-09-01,2017,9,12.40875681665508
"Optical, photographic, instruments",2017-10-01,2017,10,13.384174220288536
"Optical, photographic, instruments",2017-11-01,2017,11,7.9336724598365365
"Optical, photographic, instruments",2017-12-01,2017,12,9.833323915059724
"Optical, photographic, instruments",2018-01-01,2018,1,10.412957854933683
"Optical, photographic, instruments",2018-02-01,2018,2,8.51822019629205
"Optical, photographic, instruments",2018-03-01,2018,3,8.277765341121839
"Optical, photographic, instruments",2018-04-01,2018,4,9.726248463402953
"Optical, photographic, instruments",2018-05-01,2018,5,12.683263177330318
"Optical, photographic, instruments",2018-06-01,2018,6,7.991476910085977
"Optical, photographic, instruments",2018-07-01,2018,7,12.025675644438033
"Optical, photographic, instruments",2018-08-01,2018,8,11.148929857709266
"Optical, photographic, instruments",2018-09-01,2018,9,8.078173447818441
"Optical, photographic, instruments",2018-10-01,2018,10,8.932561966459991
"Optical, photographic, instruments",2018-11-01,2018,11,8.166596352482534
"Optical, photographic, instruments",2018-12-01,2018,12,6.482127745258496
"Optical, photographic, instruments",2019-01-01,2019,1,7.103731171443729
"Optical, photographic, instruments",2019-02-01,2019,2,6.635759471750721
"Optical, photographic, instruments",2019-03-01,2019,3,7.170142543288338
"Optical, photographic, instruments",2019-04-01,2019,4,7.306564743287021
Paper and pulp of wood,2014-01-01,2014,1,5.184101607586373
Paper and pulp of wood,2014-02-01,2014,2,5.927198310185031
Paper and pulp of wood,2014-03-01,2014,3,4.22322878166749
Paper and pulp of wood,2014-04-01,2014,4,6.385100131744235
Paper and pulp of wood,2014-05-01,2014,5,5.133932955425051
Paper and pulp of wood,2014-06-01,2014,6,5.037892398590431
Paper and pulp of wood,2014-07-01,2014,7,4.969937264368416
Paper and pulp of wood,2014-08-01,2014,8,4.289163681316658
Paper and pulp of wood,2014-09-01,2014,9,5.927523896701986
Paper and pulp of wood,2014-10-01,2014,10,5.934910048361131
Paper and pulp of wood,2014-11-01,2014,11,5.243652879024321
Paper and pulp of wood,2014-12-01,2014,12,5.211491281665568
Paper and pulp of wood,2015-01-01,2015,1,4.9435757185926885
Paper and pulp of wood,2015-02-01,2015,2,3.418276909429079
Paper and pulp of wood,2015-03-01,2015,3,5.441186519193524
Paper and pulp of wood,2015-04-01,2015,4,4.190321328506361
Paper and pulp of wood,2015-05-01,2015,5,7.548345793339744
Paper and pulp of wood,2015-06-01,2015,6,5.56134748711866
Paper and pulp of wood,2015-07-01,2015,7,4.676616726926131
Paper and pulp of wood,2015-08-01,2015,8,5.364450806857435
Paper and pulp of wood,2015-09-01,2015,9,4.594644894568255
Paper and pulp of wood,2015-10-01,2015,10,5.072374446481644
Paper and pulp of wood,2015-11-01,2015,11,4.169566240736394
Paper and pulp of wood,2015-12-01,2015,12,3.347867833142659
Paper and pulp of wood,2016-01-01,2016,1,3.3199961093180046
Paper and pulp of wood,2016-02-01,2016,2,4.084562140786335
Paper and pulp of wood,2016-03-01,2016,3,5.044246690472302
Paper and pulp of wood,2016-04-01,2016,4,4.244866899708041
Paper and pulp of wood,2016-05-01,2016,5,4.867836333660408
Paper and pulp of wood,2016-06-01,2016,6,4.7754663084055435
Paper and pulp of wood,2016-07-01,2016,7,5.144705298438412
Paper and pulp of wood,2016-08-01,2016,8,4.456251909817996
Paper and pulp of wood,2016-09-01,2016,9,4.074845697419833
Paper and pulp of wood,2016-10-01,2016,10,4.143512502140044
Paper and pulp of wood,2016-11-01,2016,11,4.572526633649699
Paper and pulp of wood,2016-12-01,2016,12,5.403082857820259
Paper and pulp of wood,2017-01-01,2017,1,3.814675621660919
Paper and pulp of wood,2017-02-01,2017,2,3.861271955225881
Paper and pulp of wood,2017-03-01,2017,3,3.632234990451586
Paper and pulp of wood,2017-04-01,2017,4,4.464011390471846
Paper and pulp of wood,2017-05-01,2017,5,3.518300052998612
Paper and pulp of wood,2017-06-01,2017,6,4.1037186952069
Paper and pulp of wood,2017-07-01,2017,7,4.100544547024941
Paper and pulp of wood,2017-08-01,2017,8,3.3526681430293888
Paper and pulp of wood,2017-09-01,2017,9,5.287797704825715
Paper and pulp of wood,2017-10-01,2017,10,4.287373370503365
Paper and pulp of wood,2017-11-01,2017,11,3.651179294430258
Paper and pulp of wood,2017-12-01,2017,12,3.74207768555985
Paper and pulp of wood,2018-01-01,2018,1,3.4335729905206676
Paper and pulp of wood,2018-02-01,2018,2,3.0251114503148786
Paper and pulp of wood,2018-03-01,2018,3,4.266450674813658
Paper and pulp of wood,2018-04-01,2018,4,5.473298770021238
Paper and pulp of wood,2018-05-01,2018,5,4.3668750632481
Paper and pulp of wood,2018-06-01,2018,6,5.921686189921128
Paper and pulp of wood,2018-07-01,2018,7,5.470538806058087
Paper and pulp of wood,2018-08-01,2018,8,3.9749609563293378
Paper and pulp of wood,2018-09-01,2018,9,2.648998002462279
Paper and pulp of wood,2018-10-01,2018,10,4.215946022432147
Paper and pulp of wood,2018-11-01,2018,11,4.775926132582636
Paper and pulp of wood,2018-12-01,2018,12,3.937346736465439
Paper and pulp of wood,2019-01-01,2019,1,4.556334132945684
Paper and pulp of wood,2019-02-01,2019,2,3.165604051954197
Paper and pulp of wood,2019-03-01,2019,3,3.552976828519808
Paper and pulp of wood,2019-04-01,2019,4,4.018582765227849
Plastics,2014-01-01,2014,1,10.092697871758707
Plastics,2014-02-01,2014,2,9.76783026210302
Plastics,2014-03-01,2014,3,9.061027790702322
Plastics,2014-04-01,2014,4,9.572832199692971
Plastics,2014-05-01,2014,5,10.206143661329627
Plastics,2014-06-01,2014,6,14.1027728403767
Plastics,2014-07-01,2014,7,9.211091932329017
Plastics,2014-08-01,2014,8,8.489169987277531
Plastics,2014-09-01,2014,9,13.008846643571339
Plastics,2014-10-01,2014,10,10.665637787221618
Plastics,2014-11-01,2014,11,10.471134316779892
Plastics,2014-12-01,2014,12,9.47037637860495
Plastics,2015-01-01,2015,1,9.80265718613828
Plastics,2015-02-01,2015,2,13.353796185499318
Plastics,2015-03-01,2015,3,9.039797042358797
Plastics,2015-04-01,2015,4,13.531920330347704
Plastics,2015-05-01,2015,5,10.145895571575853
Plastics,2015-06-01,2015,6,14.23779217048668
Plastics,2015-07-01,2015,7,12.534809591406386
Plastics,2015-08-01,2015,8,11.489931831366007
Plastics,2015-09-01,2015,9,13.557438226374057
Plastics,2015-10-01,2015,10,13.162350442141621
Plastics,2015-11-01,2015,11,13.14688660929093
Plastics,2015-12-01,2015,12,16.019810080862005
Plastics,2016-01-01,2016,1,13.298785174204443
Plastics,2016-02-01,2016,2,13.189845790928432
Plastics,2016-03-01,2016,3,15.539968527516246
Plastics,2016-04-01,2016,4,15.780003078578364
Plastics,2016-05-01,2016,5,13.057723345938859
Plastics,2016-06-01,2016,6,12.759243078268916
Plastics,2016-07-01,2016,7,11.450160988856547
Plastics,2016-08-01,2016,8,13.901546543364462
Plastics,2016-09-01,2016,9,10.619581833758714
Plastics,2016-10-01,2016,10,13.860260342342857
Plastics,2016-11-01,2016,11,12.049887676508751
Plastics,2016-12-01,2016,12,12.738448271189462
Plastics,2017-01-01,2017,1,9.082372659180448
Plastics,2017-02-01,2017,2,12.035168217769503
Plastics,2017-03-01,2017,3,13.506703674173039
Plastics,2017-04-01,2017,4,13.430770577707975
Plastics,2017-05-01,2017,5,14.029708436416316
Plastics,2017-06-01,2017,6,9.127044995868705
Plastics,2017-07-01,2017,7,12.563886025902043
Plastics,2017-08-01,2017,8,16.708652731866508
Plastics,2017-09-01,2017,9,12.39201301063627
Plastics,2017-10-01,2017,10,12.311976393218268
Plastics,2017-11-01,2017,11,14.890449410237007
Plastics,2017-12-01,2017,12,16.648261033790604
Plastics,2018-01-01,2018,1,16.791816892324448
Plastics,2018-02-01,2018,2,18.454397864636114
Plastics,2018-03-01,2018,3,11.929720798900686
Plastics,2018-04-01,2018,4,12.954199879412169
Plastics,2018-05-01,2018,5,16.648173939910862
Plastics,2018-06-01,2018,6,14.936567504934063
Plastics,2018-07-01,2018,7,15.76875770132005
Plastics,2018-08-01,2018,8,17.870854931979924
Plastics,2018-09-01,2018,9,15.974284834114647
Plastics,2018-10-01,2018,10,16.383532169911636
Plastics,2018-11-01,2018,11,16.88593599451401
Plastics,2018-12-01,2018,12,16.310422634818305
Plastics,2019-01-01,2019,1,15.581960559646522
Plastics,2019-02-01,2019,2,16.75959317167271
Plastics,2019-03-01,2019,3,14.603978487685104
Plastics,2019-04-01,2019,4,17.345620482066973
Precious stones and metals,2014-01-01,2014,1,2.4309313798894463
Precious stones and metals,2014-02-01,2014,2,2.8109613003375062
Precious stones and metals,2014-03-01,2014,3,1.371796083153381
Precious stones and metals,2014-04-01,2014,4,3.7060240713003
Precious stones and metals,2014-05-01,2014,5,4.02158666081106
Precious stones and metals,2014-06-01,2014,6,3.1136088262274377
Precious stones and metals,2014-07-01,2014,7,3.595651538111932
Precious stones and metals,2014-08-01,2014,8,2.690986147931178
Precious stones and metals,2014-09-01,2014,9,2.1216497844429836
Precious stones and metals,2014-10-01,2014,10,3.2353654631799924
Precious stones and metals,2014-11-01,2014,11,2.533433486840304
Precious stones and metals,2014-12-01,2014,12,2.365881441536024
Precious stones and metals,2015-01-01,2015,1,5.589796462734382
Precious stones and metals,2015-02-01,2015,2,2.5973097105417353
Precious stones and metals,2015-03-01,2015,3,3.958342675607505
Precious stones and metals,2015-04-01,2015,4,3.316557196021919
Precious stones and metals,2015-05-01,2015,5,6.022847957730815
Precious stones and metals,2015-06-01,2015,6,1.3023809028389246
Precious stones and metals,2015-07-01,2015,7,3.41045246966328
Precious stones and metals,2015-08-01,2015,8,1.7127114658282365
Precious stones and metals,2015-09-01,2015,9,3.3249924589774333
Precious stones and metals,2015-10-01,2015,10,3.8359285113511725
Precious stones and metals,2015-11-01,2015,11,3.124958489450788
Precious stones and metals,2015-12-01,2015,12,4.820727346457032
Precious stones and metals,2016-01-01,2016,1,3.118776269913952
Precious stones and metals,2016-02-01,2016,2,2.00856425028119
Precious stones and metals,2016-03-01,2016,3,3.4651461480216965
Precious stones and metals,2016-04-01,2016,4,2.5573213370220333
Precious stones and metals,2016-05-01,2016,5,3.472852565976781
Precious stones and metals,2016-06-01,2016,6,1.898992805019448
Precious stones and metals,2016-07-01,2016,7,4.714430000017612
Precious stones and metals,2016-08-01,2016,8,4.536806759351721
Precious stones and metals,2016-09-01,2016,9,2.5196187518818443
Precious stones and metals,2016-10-01,2016,10,2.7856650072522546
Precious stones and metals,2016-11-01,2016,11,5.849290210622887
Precious stones and metals,2016-12-01,2016,12,7.181402047317857
Precious stones and metals,2017-01-01,2017,1,4.38695957270526
Precious stones and metals,2017-02-01,2017,2,2.45634881714185
Precious stones and metals,2017-03-01,2017,3,3.9867415911814197
Precious stones and metals,2017-04-01,2017,4,2.5771551944567754
Precious stones and metals,2017-05-01,2017,5,2.6926102215033145
Precious stones and metals,2017-06-01,2017,6,4.295561527542196
Precious stones and metals,2017-07-01,2017,7,3.769088883718837
Precious stones and metals,2017-08-01,2017,8,2.642792777258814
Precious stones and metals,2017-09-01,2017,9,7.275090446416277
Precious stones and metals,2017-10-01,2017,10,3.079948518375097
Precious stones and metals,2017-11-01,2017,11,4.547912876066464
Precious stones and metals,2017-12-01,2017,12,3.025291488035271
Precious stones and metals,2018-01-01,2018,1,4.543781097449351
Precious stones and metals,2018-02-01,2018,2,6.1491475156281306
Precious stones and metals,2018-03-01,2018,3,3.5609347756035157
Precious stones and metals,2018-04-01,2018,4,3.5199112941817
Precious stones and metals,2018-05-01,2018,5,3.6303855024733664
Precious stones and metals,2018-06-01,2018,6,3.633492527848971
Precious stones and metals,2018-07-01,2018,7,4.290140493978369
Precious stones and metals,2018-08-01,2018,8,4.573564707499752
Precious stones and metals,2018-09-01,2018,9,1.0975370391274728
Precious stones and metals,2018-10-01,2018,10,4.338092340986112
Precious stones and metals,2018-11-01,2018,11,2.602055272494325
Precious stones and metals,2018-12-01,2018,12,5.227188027371838
Precious stones and metals,2019-01-01,2019,1,2.1669318468206367
Precious stones and metals,2019-02-01,2019,2,4.202700071286126
Precious stones and metals,2019-03-01,2019,3,2.4360719137807174
Precious stones and metals,2019-04-01,2019,4,1.8027953287096508
Skins and leather,2014-01-01,2014,1,10.457296497760758
Skins and leather,2014-02-01,2014,2,5.481820247649643
Skins and leather,2014-03-01,2014,3,5.827323853516625
Skins and leather,2014-04-01,2014,4,8.349298866392715
Skins and leather,2014-05-01,2014,5,10.67108827007663
Skins and leather,2014-06-01,2014,6,9.206585696941643
Skins and leather,2014-07-01,2014,7,12.046492325486922
Skins and leather,2014-08-01,2014,8,10.009756101170513
Skins and leather,2014-09-01,2014,9,11.097497416691448
Skins and leather,2014-10-01,2014,10,10.641251545140012
Skins and leather,2014-11-01,2014,11,10.248212640741006
Skins and leather,2014-12-01,2014,12,11.791675550277011
Skins and leather,2015-01-01,2015,1,12.826846758546226
Skins and leather,2015-02-01,2015,2,9.35207972188311
Skins and leather,2015-03-01,2015,3,11.180015143042414
Skins and leather,2015-04-01,2015,4,8.66228372723601
Skins and leather,2015-05-01,2015,5,9.774795847409642
Skins and leather,2015-06-01,2015,6,10.108992505690194
Skins and leather,2015-07-01,2015,7,9.039593696187199
Skins and leather,2015-08-01,2015,8,9.832559407759117
Skins and leather,2015-09-01,2015,9,8.44163351116266
Skins and leather,2015-10-01,2015,10,10.507568987111755
Skins and leather,2015-11-01,2015,11,9.61483252035635
Skins and leather,2015-12-01,2015,12,7.604457638236976
Skins and leather,2016-01-01,2016,1,9.902986064429717
Skins and leather,2016-02-01,2016,2,10.939073644139869
Skins and leather,2016-03-01,2016,3,10.30564951367455
Skins and leather,2016-04-01,2016,4,8.34290220747513
Skins and leather,2016-05-01,2016,5,8.101692587003292
Skins and leather,2016-06-01,2016,6,10.444123555516226
Skins and leather,2016-07-01,2016,7,7.50139107674109
Skins and leather,2016-08-01,2016,8,8.526004393626188
Skins and leather,2016-09-01,2016,9,6.699859739054001
Skins and leather,2016-10-01,2016,10,7.854066978986974
Skins and leather,2016-11-01,2016,11,8.50889901748725
Skins and leather,2016-12-01,2016,12,10.23169900938224
Skins and leather,2017-01-01,2017,1,8.271129670404449
Skins and leather,2017-02-01,2017,2,6.480410929899491
Skins and leather,2017-03-01,2017,3,9.050246722638517
Skins and leather,2017-04-01,2017,4,7.318382413429944
Skins and leather,2017-05-01,2017,5,9.629856391161386
Skins and leather,2017-06-01,2017,6,9.745987134792626
Skins and leather,2017-07-01,2017,7,8.242137728740639
Skins and leather,2017-08-01,2017,8,12.094329718247414
Skins and leather,2017-09-01,2017,9,9.340772213318319
Skins and leather,2017-10-01,2017,10,7.610828678986726
Skins and leather,2017-11-01,2017,11,6.604586973167492
Skins and leather,2017-12-01,2017,12,10.574465321648557
Skins and leather,2018-01-01,2018,1,8.493096282021286
Skins and leather,2018-02-01,2018,2,7.9012870136727775
Skins and leather,2018-03-01,2018,3,6.765561207959015
Skins and leather,2018-04-01,2018,4,8.360382120792181
Skins and leather,2018-05-01,2018,5,8.716415882135706
Skins and leather,2018-06-01,2018,6,10.31399698734256
Skins and leather,2018-07-01,2018,7,10.402765642568216
Skins and leather,2018-08-01,2018,8,11.58414914228025
Skins and leather,2018-09-01,2018,9,10.296994907687626
Skins and leather,2018-10-01,2018,10,9.971168683157925
Skins and leather,2018-11-01,2018,11,11.202766504929906
Skins and leather,2018-12-01,2018,12,9.189154746284299
Skins and leather,2019-01-01,2019,1,9.36423531546496
Skins and leather,2019-02-01,2019,2,10.75371035411492
Skins and leather,2019-03-01,2019,3,9.935604993026132
Skins and leather,2019-04-01,2019,4,8.339198746998518
"Stone, cement, ceramic, glass",2014-01-01,2014,1,4.21245522514547
"Stone, cement, ceramic, glass",2014-02-01,2014,2,7.258185090684868
"Stone, cement, ceramic, glass",2014-03-01,2014,3,5.8509189768949135
"Stone, cement, ceramic, glass",2014-04-01,2014,4,4.434411290818426
"Stone, cement, ceramic, glass",2014-05-01,2014,5,5.209850423057867
"Stone, cement, ceramic, glass",2014-06-01,2014,6,5.439969921368445
"Stone, cement, ceramic, glass",2014-07-01,2014,7,6.521190839930395
"Stone, cement, ceramic, glass",2014-08-01,2014,8,5.049508946684986
"Stone, cement, ceramic, glass",2014-09-01,2014,9,4.065037089493707
"Stone, cement, ceramic, glass",2014-10-01,2014,10,3.2133186545578045
"Stone, cement, ceramic, glass",2014-11-01,2014,11,4.219683383020796
"Stone, cement, ceramic, glass",2014-12-01,2014,12,4.773959741256063
"Stone, cement, ceramic, glass",2015-01-01,2015,1,4.60598520970954
"Stone, cement, ceramic, glass",2015-02-01,2015,2,5.5412928992158665
"Stone, cement, ceramic, glass",2015-03-01,2015,3,4.722680878455701
"Stone, cement, ceramic, glass",2015-04-01,2015,4,3.9886500849772917
"Stone, cement, ceramic, glass",2015-05-01,2015,5,6.135407173644994
"Stone, cement, ceramic, glass",2015-06-01,2015,6,5.130456183066753
"Stone, cement, ceramic, glass",2015-07-01,2015,7,5.093353421637296
"Stone, cement, ceramic, glass",2015-08-01,2015,8,3.337243821865573
"Stone, cement, ceramic, glass",2015-09-01,2015,9,3.76160829111848
"Stone, cement, ceramic, glass",2015-10-01,2015,10,2.736158503706076
"Stone, cement, ceramic, glass",2015-11-01,2015,11,3.9868974064196054
"Stone, cement, ceramic, glass",2015-12-01,2015,12,4.024722095905081
"Stone, cement, ceramic, glass",2016-01-01,2016,1,3.6684810109284776
"Stone, cement, ceramic, glass",2016-02-01,2016,2,4.653096533146126
"Stone, cement, ceramic, glass",2016-03-01,2016,3,5.205382270571412
"Stone, cement, ceramic, glass",2016-04-01,2016,4,4.01528217583843
"Stone, cement, ceramic, glass",2016-05-01,2016,5,3.4447675829728155
"Stone, cement, ceramic, glass",2016-06-01,2016,6,6.301402320929837
"Stone, cement, ceramic, glass",2016-07-01,2016,7,4.253895383459917
"Stone, cement, ceramic, glass",2016-08-01,2016,8,5.100258810973316
"Stone, cement, ceramic, glass",2016-09-01,2016,9,3.635479712828873
"Stone, cement, ceramic, glass",2016-10-01,2016,10,7.235502239708985
"Stone, cement, ceramic, glass",2016-11-01,2016,11,6.18917141418014
"Stone, cement, ceramic, glass",2016-12-01,2016,12,5.140455318289737
"Stone, cement, ceramic, glass",2017-01-01,2017,1,6.827967187469235
"Stone, cement, ceramic, glass",2017-02-01,2017,2,7.848343918919777
"Stone, cement, ceramic, glass",2017-03-01,2017,3,2.9390024708732354
"Stone, cement, ceramic, glass",2017-04-01,2017,4,3.7474422018908133
"Stone, cement, ceramic, glass",2017-05-01,2017,5,6.858455384857365
"Stone, cement, ceramic, glass",2017-06-01,2017,6,4.289322679670433
"Stone, cement, ceramic, glass",2017-07-01,2017,7,4.874393655844077
"Stone, cement, ceramic, glass",2017-08-01,2017,8,3.3446394573179425
"Stone, cement, ceramic, glass",2017-09-01,2017,9,6.018146603535109
"Stone, cement, ceramic, glass",2017-10-01,2017,10,5.462038599017827
"Stone, cement, ceramic, glass",2017-11-01,2017,11,3.867676974951759
"Stone, cement, ceramic, glass",2017-12-01,2017,12,3.7123575967993574
"Stone, cement, ceramic, glass",2018-01-01,2018,1,3.5909441687627566
"Stone, cement, ceramic, glass",2018-02-01,2018,2,3.913077767007562
"Stone, cement, ceramic, glass",2018-03-01,2018,3,5.4539425295426485
"Stone, cement, ceramic, glass",2018-04-01,2018,4,4.187812232918407
"Stone, cement, ceramic, glass",2018-05-01,2018,5,7.026356325411752
"Stone, cement, ceramic, glass",2018-06-01,2018,6,3.7197518136322625
"Stone, cement, ceramic, glass",2018-07-01,2018,7,4.1318126692047725
"Stone, cement, ceramic, glass",2018-08-01,2018,8,5.024923212576988
"Stone, cement, ceramic, glass",2018-09-01,2018,9,3.4159457403228695
"Stone, cement, ceramic, glass",2018-10-01,2018,10,5.378199309387448
"Stone, cement, ceramic, glass",2018-11-01,2018,11,4.143877062610481
"Stone, cement, ceramic, glass",2018-12-01,2018,12,5.0803054014168785
"Stone, cement, ceramic, glass",2019-01-01,2019,1,6.1522472435047195
"Stone, cement, ceramic, glass",2019-02-01,2019,2,6.284880438020625
"Stone, cement, ceramic, glass",2019-03-01,2019,3,3.7121074754031365
"Stone, cement, ceramic, glass",2019-04-01,2019,4,4.733334942382781
Textiles,2014-01-01,2014,1,2.541964675082964
Textiles,2014-02-01,2014,2,2.6370088480570217
Textiles,2014-03-01,2014,3,3.0051418515491792
Textiles,2014-04-01,2014,4,3.1789567833658383
Textiles,2014-05-01,2014,5,3.8554410894562565
Textiles,2014-06-01,2014,6,4.084243658677359
Textiles,2014-07-01,2014,7,5.3202605465418715
Textiles,2014-08-01,2014,8,4.8599604800850695
Textiles,2014-09-01,2014,9,4.604396211483424
Textiles,2014-10-01,2014,10,5.268448605155179
Textiles,2014-11-01,2014,11,4.432957221291373
Textiles,2014-12-01,2014,12,3.203506842049046
Textiles,2015-01-01,2015,1,2.687549069360232
Textiles,2015-02-01,2015,2,2.483289816683172
Textiles,2015-03-01,2015,3,2.5363911206056544
Textiles,2015-04-01,2015,4,4.011203939819932
Textiles,2015-05-01,2015,5,3.682493068012163
Textiles,2015-06-01,2015,6,4.360352696969613
Textiles,2015-07-01,2015,7,4.1441503974774765
Textiles,2015-08-01,2015,8,5.174756935757558
Textiles,2015-09-01,2015,9,4.083384155201935
Textiles,2015-10-01,2015,10,3.464953926356051
Textiles,2015-11-01,2015,11,3.673371643310465
Textiles,2015-12-01,2015,12,3.1485708150680467
Textiles,2016-01-01,2016,1,5.988926967844354
Textiles,2016-02-01,2016,2,3.1330675772902308
Textiles,2016-03-01,2016,3,3.25457939412891
Textiles,2016-04-01,2016,4,2.3434303603470203
Textiles,2016-05-01,2016,5,3.1438781120759067
Textiles,2016-06-01,2016,6,3.2494431210870913
Textiles,2016-07-01,2016,7,4.934795855325726
Textiles,2016-08-01,2016,8,2.389062932879723
Textiles,2016-09-01,2016,9,3.6919222392521736
Textiles,2016-10-01,2016,10,2.981253295034504
Textiles,2016-11-01,2016,11,4.3601208935101745
Textiles,2016-12-01,2016,12,3.347285632564292
Textiles,2017-01-01,2017,1,3.7540786993161475
Textiles,2017-02-01,2017,2,3.5327609287427273
Textiles,2017-03-01,2017,3,4.072640663016968
Textiles,2017-04-01,2017,4,3.5680965950960055
Textiles,2017-05-01,2017,5,4.294194099045639
Textiles,2017-06-01,2017,6,4.4045372234414835
Textiles,2017-07-01,2017,7,4.639954332422405
Textiles,2017-08-01,2017,8,2.9234708799554237
Textiles,2017-09-01,2017,9,3.9266279420043153
Textiles,2017-10-01,2017,10,3.624320148982795
Textiles,2017-11-01,2017,11,3.968771197725789
Textiles,2017-12-01,2017,12,3.6046382424417582
Textiles,2018-01-01,2018,1,5.290242114903238
Textiles,2018-02-01,2018,2,4.2333764793703645
Textiles,2018-03-01,2018,3,4.036792476594275
Textiles,2018-04-01,2018,4,3.093990011367256
Textiles,2018-05-01,2018,5,4.211002334887498
Textiles,2018-06-01,2018,6,5.7124327753903215
Textiles,2018-07-01,2018,7,3.64673345568175
Textiles,2018-08-01,2018,8,3.5802911780013194
Textiles,2018-09-01,2018,9,4.4764691267558865
Textiles,2018-10-01,2018,10,3.334394937913669
Textiles,2018-11-01,2018,11,4.925091452296336
Textiles,2018-12-01,2018,12,3.240613722753018
Textiles,2019-01-01,2019,1,4.375041708869425
Textiles,2019-02-01,2019,2,3.66197994854634
Textiles,2019-03-01,2019,3,3.6186215446874117
Textiles,2019-04-01,2019,4,3.570107035089618
Vegetable products,2014-01-01,2014,1,1.5917061253867693
Vegetable products,2014-02-01,2014,2,0.2549868096462564
Vegetable products,2014-03-01,2014,3,0.1559132505291419
Vegetable products,2014-04-01,2014,4,0.3616399447899107
Vegetable products,2014-05-01,2014,5,1.428158082809365
Vegetable products,2014-06-01,2014,6,0.3089640213655665
Vegetable products,2014-07-01,2014,7,1.4753635584628564
Vegetable products,2014-08-01,2014,8,0.0
Vegetable products,2014-09-01,2014,9,0.2842729868957546
Vegetable products,2014-10-01,2014,10,0.3941788552895874
Vegetable products,2014-11-01,2014,11,0.2753333499001079
Vegetable products,2014-12-01,2014,12,0.018449215901551665
Vegetable products,2015-01-01,2015,1,0.926892047049272
Vegetable products,2015-02-01,2015,2,0.6848428378944956
Vegetable products,2015-03-01,2015,3,1.149998514843176
Vegetable products,2015-04-01,2015,4,0.6728678345637722
Vegetable products,2015-05-01,2015,5,0.30739363877907505
Vegetable products,2015-06-01,2015,6,0.34132453519585904
Vegetable products,2015-07-01,2015,7,0.7291390033852055
Vegetable products,2015-08-01,2015,8,1.991003014902653
Vegetable products,2015-09-01,2015,9,1.4105512087873815
Vegetable products,2015-10-01,2015,10,0.7070438753276065
Vegetable products,2015-11-01,2015,11,1.1515312537670659
Vegetable products,2015-12-01,2015,12,1.1758432134218262
Vegetable products,2016-01-01,2016,1,0.4294456128247851
Vegetable products,2016-02-01,2016,2,1.047997296855196
Vegetable products,2016-03-01,2016,3,0.28538580594021573
Vegetable products,2016-04-01,2016,4,1.0151572362325185
Vegetable products,2016-05-01,2016,5,0.4487621079658607
Vegetable products,2016-06-01,2016,6,1.4984376838242826
Vegetable products,2016-07-01,2016,7,1.0480357362582868
Vegetable products,2016-08-01,2016,8,0.45749897379010684
Vegetable products,2016-09-01,2016,9,0.0
Vegetable products,2016-10-01,2016,10,0.28842367866320817
Vegetable products,2016-11-01,2016,11,0.2448334195502984
Vegetable products,2016-12-01,2016,12,1.2393388829600038
Vegetable products,2017-01-01,2017,1,0.3419838631366923
Vegetable products,2017-02-01,2017,2,0.40426619742701353
Vegetable products,2017-03-01,2017,3,0.8889186928082571
Vegetable products,2017-04-01,2017,4,0.13145415278144387
Vegetable products,2017-05-01,2017,5,0.31109930811102104
Vegetable products,2017-06-01,2017,6,0.3671370578859824
Vegetable products,2017-07-01,2017,7,0.7565595758869712
Vegetable products,2017-08-01,2017,8,1.2884081076011615
Vegetable products,2017-09-01,2017,9,0.2227687937881006
Vegetable products,2017-10-01,2017,10,1.0825254885474525
Vegetable products,2017-11-01,2017,11,0.6359675032495978
Vegetable products,2017-12-01,2017,12,0.3713904875083351
Vegetable products,2018-01-01,2018,1,1.0291730603099747
Vegetable products,2018-02-01,2018,2,1.1471903913533135
Vegetable products,2018-03-01,2018,3,0.5717942576215224
Vegetable products,2018-04-01,2018,4,0.39789173413721246
Vegetable products,2018-05-01,2018,5,0.7827742532457533
Vegetable products,2018-06-01,2018,6,0.18248298040922922
Vegetable products,2018-07-01,2018,7,1.674271033541995
Vegetable products,2018-08-01,2018,8,1.7646550182455545
Vegetable products,2018-09-01,2018,9,0.0
Vegetable products,2018-10-01,2018,10,0.33921666866791894
Vegetable products,2018-11-01,2018,11,0.9855290240371757
Vegetable products,2018-12-01,2018,12,1.514498582369891
Vegetable products,2019-01-01,2019,1,0.7222664513440268
Vegetable products,2019-02-01,2019,2,1.3472709600260995
Vegetable products,2019-03-01,2019,3,1.214227498266263
Vegetable products,2019-04-01,2019,4,1.9392998420703202
Vehicles and aircraft,2014-01-01,2014,1,8.124796152687951
Vehicles and aircraft,2014-02-01,2014,2,8.388966716198867
Vehicles and aircraft,2014-03-01,2014,3,8.755988070616635
Vehicles and aircraft,2014-04-01,2014,4,10.965237171527486
Vehicles and aircraft,2014-05-01,2014,5,9.525049748292002
Vehicles and aircraft,2014-06-01,2014,6,7.941142536898545
Vehicles and aircraft,2014-07-01,2014,7,13.67733498054751
Vehicles and aircraft,2014-08-01,2014,8,11.793688659631373
Vehicles and aircraft,2014-09-01,2014,9,12.77604159095483
Vehicles and aircraft,2014-10-01,2014,10,11.136089854383895
Vehicles and aircraft,2014-11-01,2014,11,12.326466652546015
Vehicles and aircraft,2014-12-01,2014,12,12.083739462719572
Vehicles and aircraft,2015-01-01,2015,1,10.530060689438532
Vehicles and aircraft,2015-02-01,2015,2,11.364021050161275
Vehicles and aircraft,2015-03-01,2015,3,10.903381777886105
Vehicles and aircraft,2015-04-01,2015,4,10.579263232211487
Vehicles and aircraft,2015-05-01,2015,5,12.756900428309825
Vehicles and aircraft,2015-06-01,2015,6,11.620136436157576
Vehicles and aircraft,2015-07-01,2015,7,11.80204353712768
Vehicles and aircraft,2015-08-01,2015,8,10.125578899920582
Vehicles and aircraft,2015-09-01,2015,9,15.575750467222466
Vehicles and aircraft,2015-10-01,2015,10,10.754210077376216
Vehicles and aircraft,2015-11-01,2015,11,11.329253502548998
Vehicles and aircraft,2015-12-01,2015,12,14.028416686473417
Vehicles and aircraft,2016-01-01,2016,1,11.527165126160188
Vehicles and aircraft,2016-02-01,2016,2,10.446714896287823
Vehicles and aircraft,2016-03-01,2016,3,11.332187333295417
Vehicles and aircraft,2016-04-01,2016,4,12.050629562012373
Vehicles and aircraft,2016-05-01,2016,5,9.70694409282532
Vehicles and aircraft,2016-06-01,2016,6,8.51718935624236
Vehicles and aircraft,2016-07-01,2016,7,8.558449378272044
Vehicles and aircraft,2016-08-01,2016,8,11.848421645506672
Vehicles and aircraft,2016-09-01,2016,9,10.393871201006903
Vehicles and aircraft,2016-10-01,2016,10,9.947798968772085
Vehicles and aircraft,2016-11-01,2016,11,10.684744001980643
Vehicles and aircraft,2016-12-01,2016,12,12.02401728848951
Vehicles and aircraft,2017-01-01,2017,1,12.146349771913371
Vehicles and aircraft,2017-02-01,2017,2,8.740757999717129
Vehicles and aircraft,2017-03-01,2017,3,10.902229991624722
Vehicles and aircraft,2017-04-01,2017,4,13.324325854255294
Vehicles and aircraft,2017-05-01,2017,5,10.197060127947061
Vehicles and aircraft,2017-06-01,2017,6,10.11260819641291
Vehicles and aircraft,2017-07-01,2017,7,8.808878613517336
Vehicles and aircraft,2017-08-01,2017,8,10.437244592600038
Vehicles and aircraft,2017-09-01,2017,9,9.881334868178847
Vehicles and aircraft,2017-10-01,2017,10,9.615862885083688
Vehicles and aircraft,2017-11-01,2017,11,9.953923362532276
Vehicles and aircraft,2017-12-01,2017,12,10.393192582425872
Vehicles and aircraft,2018-01-01,2018,1,11.840201226803414
Vehicles and aircraft,2018-02-01,2018,2,8.668971066419585
Vehicles and aircraft,2018-03-01,2018,3,9.666050834520565
Vehicles and aircraft,2018-04-01,2018,4,10.413502739013143
Vehicles and aircraft,2018-05-01,2018,5,10.876795897872993
Vehicles and aircraft,2018-06-01,2018,6,10.465454049430447
Vehicles and aircraft,2018-07-01,2018,7,11.124966108312893
Vehicles and aircraft,2018-08-01,2018,8,10.22720423260436
Vehicles and aircraft,2018-09-01,2018,9,7.500773948533895
Vehicles and aircraft,2018-10-01,2018,10,9.906212679085286
Vehicles and aircraft,2018-11-01,2018,11,9.64022174332202
Vehicles and aircraft,2018-12-01,2018,12,10.211115926084231
Vehicles and aircraft,2019-01-01,2019,1,9.077220602835897
Vehicles and aircraft,2019-02-01,2019,2,9.950434637364502
Vehicles and aircraft,2019-03-01,2019,3,9.765789142932265
Vehicles and aircraft,2019-04-01,2019,4,8.40522890075311
